Zeit,VollstÃ¤ndiger Name,Ereigniskontext - Ereignisname
8.11.2022 19:27,Student13,Test: Exam Attempt 1 - Testversuch eingereicht
8.11.2022 19:26,Student16,Test: Exam Attempt 1 - Testversuch eingereicht
8.11.2022 19:26,Student31,Test: Exam Attempt 1 - Testversuch eingereicht
8.11.2022 19:26,Student33,Test: Exam Attempt 1 - Testversuch eingereicht
8.11.2022 19:25,Student34,Test: Exam Attempt 1 - Testversuch eingereicht
8.11.2022 19:22,Student1,Test: Exam Attempt 1 - Testversuch eingereicht
8.11.2022 19:21,Student36,Test: Exam Attempt 1 - Testversuch eingereicht
8.11.2022 19:19,Student21,Test: Exam Attempt 1 - Testversuch eingereicht
8.11.2022 19:15,Student25,Test: Exam Attempt 1 - Testversuch eingereicht
8.11.2022 19:14,Student6,Test: Exam Attempt 1 - Testversuch eingereicht
8.11.2022 19:03,Student23,Test: Exam Attempt 1 - Testversuch eingereicht
8.11.2022 19:01,Student5,Test: Exam Attempt 1 - Testversuch eingereicht
8.11.2022 19:01,Student32,Test: Exam Attempt 1 - Testversuch eingereicht
8.11.2022 19:00,Student35,Test: Exam Attempt 1 - Testversuch eingereicht
8.11.2022 18:45,Student36,Test: Exam Attempt 1 - Testversuch gestartet
8.11.2022 18:42,Student13,Test: Exam Attempt 1 - Testversuch gestartet
8.11.2022 18:41,Student1,Test: Exam Attempt 1 - Testversuch gestartet
8.11.2022 18:41,Student16,Test: Exam Attempt 1 - Testversuch gestartet
8.11.2022 18:41,Student34,Test: Exam Attempt 1 - Testversuch gestartet
8.11.2022 18:41,Student31,Test: Exam Attempt 1 - Testversuch gestartet
8.11.2022 18:41,Student6,Test: Exam Attempt 1 - Testversuch gestartet
8.11.2022 18:41,Student33,Test: Exam Attempt 1 - Testversuch gestartet
8.11.2022 18:40,Student23,Test: Exam Attempt 1 - Testversuch gestartet
8.11.2022 18:40,Student21,Test: Exam Attempt 1 - Testversuch gestartet
8.11.2022 18:40,Student5,Test: Exam Attempt 1 - Testversuch gestartet
8.11.2022 18:40,Student25,Test: Exam Attempt 1 - Testversuch gestartet
8.11.2022 18:39,Student32,Test: Exam Attempt 1 - Testversuch gestartet
8.11.2022 18:39,Student35,Test: Exam Attempt 1 - Testversuch gestartet
8.11.2022 18:36,Student22,Test: Exam Attempt 1 - Testversuch eingereicht
8.11.2022 18:36,Student8,Test: Exam Attempt 1 - Testversuch eingereicht
8.11.2022 18:35,Student37,Test: Exam Attempt 1 - Testversuch eingereicht
8.11.2022 18:35,Student11,Test: Exam Attempt 1 - Testversuch eingereicht
8.11.2022 18:35,Student30,Test: Exam Attempt 1 - Testversuch eingereicht
8.11.2022 18:34,Student24,Test: Exam Attempt 1 - Testversuch eingereicht
8.11.2022 18:32,Student9,Test: Exam Attempt 1 - Testversuch eingereicht
8.11.2022 18:24,Student19,Test: Exam Attempt 1 - Testversuch eingereicht
8.11.2022 18:22,Student18,Test: Exam Attempt 1 - Testversuch eingereicht
8.11.2022 18:18,Student14,Test: Exam Attempt 1 - Testversuch eingereicht
8.11.2022 18:17,Student27,Test: Exam Attempt 1 - Testversuch eingereicht
8.11.2022 18:10,Student26,Test: Exam Attempt 1 - Testversuch eingereicht
8.11.2022 18:09,Student29,Test: Exam Attempt 1 - Testversuch eingereicht
8.11.2022 17:51,Student24,Test: Exam Attempt 1 - Testversuch gestartet
8.11.2022 17:51,Student14,Test: Exam Attempt 1 - Testversuch gestartet
8.11.2022 17:51,Student29,Test: Exam Attempt 1 - Testversuch gestartet
8.11.2022 17:51,Student26,Test: Exam Attempt 1 - Testversuch gestartet
8.11.2022 17:51,Student27,Test: Exam Attempt 1 - Testversuch gestartet
8.11.2022 17:51,Student11,Test: Exam Attempt 1 - Testversuch gestartet
8.11.2022 17:51,Student22,Test: Exam Attempt 1 - Testversuch gestartet
8.11.2022 17:51,Student9,Test: Exam Attempt 1 - Testversuch gestartet
8.11.2022 17:51,Student8,Test: Exam Attempt 1 - Testversuch gestartet
8.11.2022 17:51,Student19,Test: Exam Attempt 1 - Testversuch gestartet
8.11.2022 17:51,Student18,Test: Exam Attempt 1 - Testversuch gestartet
8.11.2022 17:51,Student30,Test: Exam Attempt 1 - Testversuch gestartet
8.11.2022 17:51,Student37,Test: Exam Attempt 1 - Testversuch gestartet
8.11.2022 17:26,Student25,Test: Quiz 7 - Testversuch eingereicht
8.11.2022 17:17,Student6,Test: Quiz 7 - Testversuch eingereicht
8.11.2022 16:58,Student6,Test: Quiz 7 - Testversuch gestartet
8.11.2022 16:45,Student25,Test: Quiz 7 - Testversuch gestartet
8.11.2022 16:08,Student13,Test: Quiz 7 - Testversuch eingereicht
8.11.2022 15:52,Student13,Test: Quiz 7 - Testversuch gestartet
8.11.2022 14:06,Student11,Test: Quiz 7 - Testversuch eingereicht
8.11.2022 14:03,Student13,Test: Quiz 7 - Testversuch eingereicht
8.11.2022 14:02,Student11,Test: Quiz 7 - Testversuch gestartet
8.11.2022 13:19,Student13,Test: Quiz 7 - Testversuch gestartet
8.11.2022 12:52,Student37,Test: Quiz 7 - Testversuch eingereicht
8.11.2022 12:37,Student37,Test: Quiz 7 - Testversuch gestartet
8.11.2022 11:46,Student32,Test: Quiz 7 - Testversuch eingereicht
8.11.2022 11:40,Student32,Test: Quiz 7 - Testversuch gestartet
8.11.2022 11:40,Student32,Test: Quiz 7 - Testversuch eingereicht
8.11.2022 11:38,Student32,Test: Quiz 7 - Testversuch gestartet
8.11.2022 11:38,Student32,Test: Quiz 7 - Testversuch eingereicht
8.11.2022 11:21,Student32,Test: Quiz 7 - Testversuch gestartet
8.11.2022 11:21,Student32,Test: Quiz 7 - Testversuch eingereicht
8.11.2022 11:00,Student32,Test: Quiz 7 - Testversuch gestartet
8.11.2022 11:00,Student32,Test: Quiz 7 - Testversuch eingereicht
8.11.2022 10:59,Student32,Test: Quiz 7 - Testversuch gestartet
8.11.2022 10:58,Student32,Test: Quiz 7 - Testversuch eingereicht
8.11.2022 10:29,Student32,Test: Quiz 7 - Testversuch gestartet
8.11.2022 10:29,Student32,Test: Quiz 7 - Testversuch eingereicht
8.11.2022 09:51,Student32,Test: Quiz 7 - Testversuch gestartet
8.11.2022 01:52,Student16,Test: Quiz 7 - Testversuch eingereicht
8.11.2022 01:21,Student16,Test: Quiz 7 - Testversuch gestartet
7.11.2022 19:07,Student34,Test: Quiz 7 - Testversuch gestartet
7.11.2022 19:07,Student34,Test: Quiz 7 - Testversuch eingereicht
7.11.2022 18:02,Student5,Test: Quiz 7 - Testversuch eingereicht
7.11.2022 17:46,Student34,Test: Quiz 7 - Testversuch gestartet
7.11.2022 17:45,Student34,Test: Quiz 7 - Testversuch eingereicht
7.11.2022 17:36,Student5,Test: Quiz 7 - Testversuch gestartet
7.11.2022 17:35,Student5,Test: Quiz 7 - Testversuch eingereicht
7.11.2022 17:24,Student5,Test: Quiz 7 - Testversuch gestartet
7.11.2022 17:04,Student34,Test: Quiz 7 - Testversuch gestartet
7.11.2022 15:31,Student9,Test: Quiz 7 - Testversuch eingereicht
7.11.2022 15:10,Student9,Test: Quiz 7 - Testversuch gestartet
7.11.2022 15:09,Student11,Test: Quiz 7 - Testversuch eingereicht
7.11.2022 14:55,Student11,Test: Quiz 7 - Testversuch gestartet
7.11.2022 14:16,Student11,Test: Quiz 7 - Testversuch eingereicht
7.11.2022 13:39,Student27,Test: Quiz 7 - Testversuch eingereicht
7.11.2022 13:35,Student11,Test: Quiz 7 - Testversuch gestartet
7.11.2022 13:35,Student27,Test: Quiz 7 - Testversuch gestartet
7.11.2022 13:23,Student27,Test: Quiz 7 - Testversuch eingereicht
7.11.2022 13:12,Student27,Test: Quiz 7 - Testversuch gestartet
7.11.2022 09:35,Student14,Test: Quiz 7 - Testversuch eingereicht
7.11.2022 09:26,Student14,Test: Quiz 7 - Testversuch gestartet
7.11.2022 09:25,Student14,Test: Quiz 7 - Testversuch eingereicht
7.11.2022 09:19,Student14,Test: Quiz 7 - Testversuch gestartet
7.11.2022 03:11,Student35,Test: Quiz 7 - Testversuch eingereicht
7.11.2022 02:58,Student35,Test: Quiz 7 - Testversuch gestartet
7.11.2022 02:58,Student35,Test: Quiz 7 - Testversuch eingereicht
7.11.2022 02:57,Student35,Test: Quiz 7 - Testversuch gestartet
6.11.2022 23:19,Student1,Test: Quiz 7 - Testversuch eingereicht
6.11.2022 23:15,Student1,Test: Quiz 7 - Testversuch gestartet
6.11.2022 23:15,Student1,Test: Quiz 7 - Testversuch eingereicht
6.11.2022 23:14,Student1,Test: Quiz 7 - Testversuch gestartet
6.11.2022 19:52,Student35,Test: Quiz 7 - Testversuch eingereicht
6.11.2022 19:51,Student35,Test: Quiz 7 - Testversuch gestartet
6.11.2022 19:48,Student35,Test: Quiz 7 - Testversuch eingereicht
6.11.2022 19:46,Student35,Test: Quiz 7 - Testversuch gestartet
6.11.2022 19:46,Student35,Test: Quiz 7 - Testversuch eingereicht
6.11.2022 19:46,Student35,Test: Quiz 7 - Testversuch gestartet
6.11.2022 19:45,Student35,Test: Quiz 7 - Testversuch eingereicht
6.11.2022 19:39,Student35,Test: Quiz 7 - Testversuch gestartet
6.11.2022 17:32,Student18,Test: Quiz 7 - Testversuch eingereicht
6.11.2022 17:24,Student11,Test: Quiz 7 - Testversuch eingereicht
6.11.2022 16:44,Student18,Test: Quiz 7 - Testversuch gestartet
6.11.2022 16:39,Student11,Test: Quiz 7 - Testversuch gestartet
5.11.2022 21:43,Student36,Test: Quiz 7 - Testversuch eingereicht
5.11.2022 21:12,Student1,Test: Quiz 7 - Testversuch eingereicht
5.11.2022 21:11,Student36,Test: Quiz 7 - Testversuch gestartet
5.11.2022 20:35,Student1,Test: Quiz 7 - Testversuch gestartet
5.11.2022 20:34,Student1,Test: Quiz 7 - Testversuch eingereicht
5.11.2022 19:39,Student1,Test: Quiz 7 - Testversuch gestartet
5.11.2022 13:46,Student22,Test: Quiz 7 - Testversuch eingereicht
5.11.2022 12:59,Student22,Test: Quiz 7 - Testversuch gestartet
5.11.2022 09:26,Student24,Test: Quiz 7 - Testversuch eingereicht
5.11.2022 09:21,Student24,Test: Quiz 7 - Testversuch gestartet
5.11.2022 09:21,Student24,Test: Quiz 7 - Testversuch eingereicht
5.11.2022 09:10,Student24,Test: Quiz 7 - Testversuch gestartet
5.11.2022 09:10,Student24,Test: Quiz 7 - Testversuch eingereicht
5.11.2022 08:31,Student24,Test: Quiz 7 - Testversuch gestartet
4.11.2022 20:52,Student24,Test: Quiz 7 - Testversuch eingereicht
4.11.2022 20:51,Student24,Test: Quiz 7 - Testversuch gestartet
4.11.2022 20:51,Student24,Test: Quiz 7 - Testversuch eingereicht
4.11.2022 20:31,Student24,Test: Quiz 7 - Testversuch gestartet
4.11.2022 19:07,Student33,Test: Quiz 7 - Testversuch gestartet
4.11.2022 19:07,Student33,Test: Quiz 7 - Testversuch eingereicht
4.11.2022 17:53,Student21,Test: Quiz 7 - Testversuch eingereicht
4.11.2022 17:50,Student33,Test: Quiz 7 - Testversuch gestartet
4.11.2022 17:47,Student21,Test: Quiz 7 - Testversuch gestartet
4.11.2022 17:47,Student21,Test: Quiz 7 - Testversuch eingereicht
4.11.2022 17:46,Student21,Test: Quiz 7 - Testversuch gestartet
4.11.2022 17:46,Student21,Test: Quiz 7 - Testversuch eingereicht
4.11.2022 17:46,Student21,Test: Quiz 7 - Testversuch gestartet
4.11.2022 17:46,Student21,Test: Quiz 7 - Testversuch eingereicht
4.11.2022 17:46,Student21,Test: Quiz 7 - Testversuch gestartet
4.11.2022 17:45,Student21,Test: Quiz 7 - Testversuch eingereicht
4.11.2022 17:30,Student21,Test: Quiz 7 - Testversuch gestartet
4.11.2022 17:30,Student21,Test: Quiz 7 - Testversuch eingereicht
4.11.2022 17:29,Student21,Test: Quiz 7 - Testversuch gestartet
4.11.2022 17:29,Student21,Test: Quiz 7 - Testversuch eingereicht
4.11.2022 17:27,Student21,Test: Quiz 7 - Testversuch gestartet
4.11.2022 17:27,Student21,Test: Quiz 7 - Testversuch eingereicht
4.11.2022 17:27,Student21,Test: Quiz 7 - Testversuch gestartet
4.11.2022 17:27,Student21,Test: Quiz 7 - Testversuch eingereicht
4.11.2022 17:27,Student21,Test: Quiz 7 - Testversuch gestartet
4.11.2022 17:26,Student21,Test: Quiz 7 - Testversuch eingereicht
4.11.2022 17:24,Student21,Test: Quiz 7 - Testversuch gestartet
4.11.2022 17:24,Student21,Test: Quiz 7 - Testversuch eingereicht
4.11.2022 17:21,Student21,Test: Quiz 7 - Testversuch gestartet
4.11.2022 17:21,Student21,Test: Quiz 7 - Testversuch eingereicht
4.11.2022 17:21,Student21,Test: Quiz 7 - Testversuch gestartet
4.11.2022 17:19,Student21,Test: Quiz 7 - Testversuch eingereicht
4.11.2022 17:07,Student21,Test: Quiz 7 - Testversuch gestartet
4.11.2022 17:07,Student21,Test: Quiz 7 - Testversuch eingereicht
4.11.2022 17:07,Student21,Test: Quiz 7 - Testversuch gestartet
4.11.2022 17:06,Student21,Test: Quiz 7 - Testversuch eingereicht
4.11.2022 16:36,Student21,Test: Quiz 7 - Testversuch gestartet
4.11.2022 16:36,Student21,Test: Quiz 7 - Testversuch eingereicht
4.11.2022 16:35,Student21,Test: Quiz 7 - Testversuch gestartet
4.11.2022 16:35,Student21,Test: Quiz 7 - Testversuch eingereicht
4.11.2022 16:12,Student21,Test: Quiz 7 - Testversuch gestartet
4.11.2022 16:12,Student21,Test: Quiz 7 - Testversuch eingereicht
4.11.2022 16:02,Student21,Test: Quiz 7 - Testversuch gestartet
4.11.2022 16:02,Student21,Test: Quiz 7 - Testversuch eingereicht
4.11.2022 14:06,Student21,Test: Quiz 7 - Testversuch gestartet
4.11.2022 14:05,Student21,Test: Quiz 7 - Testversuch eingereicht
4.11.2022 13:32,Student21,Test: Quiz 7 - Testversuch gestartet
4.11.2022 13:20,Student31,Test: Quiz 7 - Testversuch eingereicht
4.11.2022 13:10,Student30,Test: Quiz 7 - Testversuch eingereicht
4.11.2022 12:49,Student31,Test: Quiz 7 - Testversuch gestartet
4.11.2022 12:48,Student31,Test: Quiz 7 - Testversuch eingereicht
4.11.2022 12:48,Student30,Test: Quiz 7 - Testversuch gestartet
4.11.2022 12:48,Student30,Test: Quiz 7 - Testversuch eingereicht
4.11.2022 12:30,Student30,Test: Quiz 7 - Testversuch gestartet
4.11.2022 12:30,Student30,Test: Quiz 7 - Testversuch eingereicht
4.11.2022 12:11,Student30,Test: Quiz 7 - Testversuch gestartet
4.11.2022 12:11,Student30,Test: Quiz 7 - Testversuch eingereicht
4.11.2022 11:59,Student31,Test: Quiz 7 - Testversuch gestartet
4.11.2022 11:17,Student30,Test: Quiz 7 - Testversuch gestartet
4.11.2022 09:58,Student31,Test: Quiz 7 - Testversuch eingereicht
4.11.2022 09:51,Student31,Test: Quiz 7 - Testversuch gestartet
4.11.2022 09:51,Student31,Test: Quiz 7 - Testversuch eingereicht
4.11.2022 09:33,Student31,Test: Quiz 7 - Testversuch gestartet
3.11.2022 21:40,Student23,Test: Quiz 7 - Testversuch eingereicht
3.11.2022 21:21,Student23,Test: Quiz 7 - Testversuch gestartet
3.11.2022 21:16,Student32,Test: Quiz 7 - Testversuch gestartet
3.11.2022 21:16,Student32,Test: Quiz 7 - Testversuch eingereicht
3.11.2022 21:15,Student32,Test: Quiz 7 - Testversuch gestartet
3.11.2022 21:15,Student32,Test: Quiz 7 - Testversuch eingereicht
3.11.2022 21:10,Student32,Test: Quiz 7 - Testversuch gestartet
3.11.2022 20:40,Student32,Test: Quiz 7 - Testversuch eingereicht
3.11.2022 20:24,Student35,Test: Quiz 7 - Testversuch gestartet
3.11.2022 20:24,Student35,Test: Quiz 7 - Testversuch eingereicht
3.11.2022 20:21,Student25,Test: Quiz 7 - Testversuch eingereicht
3.11.2022 20:16,Student13,Test: Quiz 7 - Testversuch gestartet
3.11.2022 20:16,Student36,Test: Quiz 7 - Testversuch gestartet
3.11.2022 20:16,Student31,Test: Quiz 7 - Testversuch gestartet
3.11.2022 20:11,Student32,Test: Quiz 7 - Testversuch gestartet
3.11.2022 20:11,Student32,Test: Quiz 7 - Testversuch eingereicht
3.11.2022 19:59,Student34,Test: Quiz 7 - Testversuch gestartet
3.11.2022 19:51,Student25,Test: Quiz 7 - Testversuch gestartet
3.11.2022 19:48,Student1,Test: Quiz 7 - Testversuch gestartet
3.11.2022 19:42,Student32,Test: Quiz 7 - Testversuch gestartet
3.11.2022 19:42,Student32,Test: Quiz 7 - Testversuch eingereicht
3.11.2022 19:38,Student35,Test: Quiz 7 - Testversuch gestartet
3.11.2022 19:38,Student32,Test: Quiz 7 - Testversuch gestartet
3.11.2022 19:38,Student16,Test: Quiz 7 - Testversuch gestartet
3.11.2022 19:13,Student14,Test: Quiz 7 - Testversuch eingereicht
3.11.2022 19:03,Student24,Test: Quiz 7 - Testversuch eingereicht
3.11.2022 19:01,Student27,Test: Quiz 7 - Testversuch eingereicht
3.11.2022 19:00,Student19,Test: Quiz 7 - Testversuch eingereicht
3.11.2022 18:56,Student8,Test: Quiz 7 - Testversuch eingereicht
3.11.2022 18:44,Student26,Test: Quiz 7 - Testversuch eingereicht
3.11.2022 18:42,Student29,Test: Quiz 7 - Testversuch eingereicht
3.11.2022 18:39,Student22,Test: Quiz 7 - Testversuch gestartet
3.11.2022 18:39,Student26,Test: Quiz 7 - Testversuch gestartet
3.11.2022 18:39,Student27,Test: Quiz 7 - Testversuch gestartet
3.11.2022 18:39,Student24,Test: Quiz 7 - Testversuch gestartet
3.11.2022 18:39,Student19,Test: Quiz 7 - Testversuch gestartet
3.11.2022 18:38,Student14,Test: Quiz 7 - Testversuch gestartet
3.11.2022 18:38,Student29,Test: Quiz 7 - Testversuch gestartet
3.11.2022 18:38,Student8,Test: Quiz 7 - Testversuch gestartet
3.11.2022 13:55,Student11,Test: Quiz 6 - Testversuch eingereicht
3.11.2022 13:51,Student11,Test: Quiz 6 - Testversuch gestartet
3.11.2022 13:51,Student11,Test: Quiz 6 - Testversuch eingereicht
3.11.2022 13:48,Student11,Test: Quiz 6 - Testversuch gestartet
3.11.2022 13:48,Student11,Test: Quiz 6 - Testversuch eingereicht
3.11.2022 13:46,Student11,Test: Quiz 6 - Testversuch gestartet
3.11.2022 13:46,Student11,Test: Quiz 6 - Testversuch eingereicht
3.11.2022 13:39,Student11,Test: Quiz 6 - Testversuch gestartet
3.11.2022 13:31,Student11,Test: Quiz 6 - Testversuch eingereicht
3.11.2022 13:20,Student37,Test: Quiz 6 - Testversuch gestartet
3.11.2022 13:17,Student11,Test: Quiz 6 - Testversuch gestartet
2.11.2022 19:07,Student11,Test: Quiz 6 - Testversuch eingereicht
2.11.2022 18:58,Student11,Test: Quiz 6 - Testversuch gestartet
2.11.2022 18:58,Student11,Test: Quiz 6 - Testversuch eingereicht
2.11.2022 18:39,Student11,Test: Quiz 6 - Testversuch gestartet
2.11.2022 16:22,Student5,Test: Quiz 6 - Testversuch eingereicht
2.11.2022 15:59,Student5,Test: Quiz 6 - Testversuch gestartet
2.11.2022 08:57,Student11,Test: Quiz 6 - Testversuch eingereicht
2.11.2022 08:18,Student11,Test: Quiz 6 - Testversuch gestartet
1.11.2022 15:03,Student22,Test: Quiz 6 - Testversuch eingereicht
1.11.2022 12:49,Student22,Test: Quiz 6 - Testversuch gestartet
30.10.2022 14:05,Student13,Test: Quiz 6 - Testversuch eingereicht
30.10.2022 13:58,Student13,Test: Quiz 6 - Testversuch gestartet
30.10.2022 13:57,Student13,Test: Quiz 6 - Testversuch eingereicht
30.10.2022 13:54,Student13,Test: Quiz 6 - Testversuch gestartet
30.10.2022 13:54,Student13,Test: Quiz 6 - Testversuch eingereicht
30.10.2022 13:37,Student13,Test: Quiz 6 - Testversuch gestartet
29.10.2022 18:47,Student13,Test: Quiz 6 - Testversuch gestartet
29.10.2022 18:47,Student13,Test: Quiz 6 - Testversuch eingereicht
29.10.2022 18:46,Student13,Test: Quiz 6 - Testversuch gestartet
29.10.2022 18:46,Student13,Test: Quiz 6 - Testversuch eingereicht
29.10.2022 18:44,Student13,Test: Quiz 6 - Testversuch gestartet
29.10.2022 18:44,Student13,Test: Quiz 6 - Testversuch eingereicht
29.10.2022 18:40,Student13,Test: Quiz 6 - Testversuch gestartet
29.10.2022 18:40,Student13,Test: Quiz 6 - Testversuch eingereicht
29.10.2022 18:15,Student13,Test: Quiz 6 - Testversuch gestartet
29.10.2022 18:15,Student13,Test: Quiz 6 - Testversuch eingereicht
29.10.2022 18:02,Student34,Test: Quiz 6 - Testversuch eingereicht
29.10.2022 17:59,Student13,Test: Quiz 6 - Testversuch gestartet
29.10.2022 17:59,Student13,Test: Quiz 6 - Testversuch eingereicht
29.10.2022 17:58,Student13,Test: Quiz 6 - Testversuch gestartet
29.10.2022 17:58,Student13,Test: Quiz 6 - Testversuch eingereicht
29.10.2022 17:49,Student13,Test: Quiz 6 - Testversuch gestartet
29.10.2022 17:49,Student13,Test: Quiz 6 - Testversuch eingereicht
29.10.2022 17:47,Student13,Test: Quiz 6 - Testversuch gestartet
29.10.2022 17:41,Student34,Test: Quiz 6 - Testversuch gestartet
29.10.2022 17:41,Student34,Test: Quiz 6 - Testversuch eingereicht
29.10.2022 16:49,Student34,Test: Quiz 6 - Testversuch gestartet
29.10.2022 16:49,Student34,Test: Quiz 6 - Testversuch eingereicht
29.10.2022 16:25,Student34,Test: Quiz 6 - Testversuch gestartet
29.10.2022 16:25,Student34,Test: Quiz 6 - Testversuch eingereicht
29.10.2022 16:08,Student34,Test: Quiz 6 - Testversuch gestartet
28.10.2022 18:26,Student34,Test: Quiz 6 - Testversuch eingereicht
28.10.2022 17:23,Student25,Test: Quiz 6 - Testversuch eingereicht
28.10.2022 16:52,Student25,Test: Quiz 6 - Testversuch gestartet
28.10.2022 15:26,Student34,Test: Quiz 6 - Testversuch gestartet
27.10.2022 18:45,Student18,Test: Quiz 6 - Testversuch eingereicht
27.10.2022 16:17,Student18,Test: Quiz 6 - Testversuch gestartet
27.10.2022 13:56,Student33,Test: Quiz 6 - Testversuch gestartet
27.10.2022 13:45,Student33,Test: Quiz 6 - Testversuch eingereicht
27.10.2022 11:57,Student33,Test: Quiz 6 - Testversuch gestartet
27.10.2022 11:57,Student33,Test: Quiz 6 - Testversuch eingereicht
27.10.2022 11:56,Student33,Test: Quiz 6 - Testversuch gestartet
27.10.2022 11:56,Student33,Test: Quiz 6 - Testversuch eingereicht
27.10.2022 11:48,Student33,Test: Quiz 6 - Testversuch gestartet
26.10.2022 17:59,Student1,Test: Quiz 6 - Testversuch eingereicht
26.10.2022 17:51,Student1,Test: Quiz 6 - Testversuch gestartet
26.10.2022 17:50,Student1,Test: Quiz 6 - Testversuch eingereicht
26.10.2022 17:37,Student1,Test: Quiz 6 - Testversuch gestartet
26.10.2022 17:37,Student1,Test: Quiz 6 - Testversuch eingereicht
26.10.2022 16:19,Student1,Test: Quiz 6 - Testversuch gestartet
26.10.2022 16:19,Student1,Test: Quiz 6 - Testversuch eingereicht
26.10.2022 15:48,Student1,Test: Quiz 6 - Testversuch gestartet
26.10.2022 13:44,Student16,Test: Quiz 6 - Testversuch eingereicht
26.10.2022 13:18,Student16,Test: Quiz 6 - Testversuch gestartet
26.10.2022 13:17,Student16,Test: Quiz 6 - Testversuch eingereicht
26.10.2022 11:27,Student16,Test: Quiz 6 - Testversuch gestartet
25.10.2022 12:29,Student25,Test: Quiz 6 - Testversuch gestartet
24.10.2022 23:19,Student1,Test: Quiz 6 - Testversuch eingereicht
24.10.2022 22:15,Student1,Test: Quiz 6 - Testversuch gestartet
24.10.2022 22:15,Student1,Test: Quiz 6 - Testversuch eingereicht
24.10.2022 20:04,Student1,Test: Quiz 6 - Testversuch gestartet
24.10.2022 19:27,Student30,Test: Quiz 6 - Testversuch eingereicht
24.10.2022 18:33,Student30,Test: Quiz 6 - Testversuch gestartet
24.10.2022 17:48,Student21,Test: Quiz 6 - Testversuch eingereicht
24.10.2022 17:24,Student21,Test: Quiz 6 - Testversuch gestartet
24.10.2022 17:24,Student21,Test: Quiz 6 - Testversuch eingereicht
24.10.2022 17:22,Student21,Test: Quiz 6 - Testversuch gestartet
24.10.2022 17:22,Student21,Test: Quiz 6 - Testversuch eingereicht
24.10.2022 16:19,Student21,Test: Quiz 6 - Testversuch gestartet
24.10.2022 16:19,Student21,Test: Quiz 6 - Testversuch eingereicht
24.10.2022 16:17,Student21,Test: Quiz 6 - Testversuch gestartet
24.10.2022 16:17,Student21,Test: Quiz 6 - Testversuch eingereicht
24.10.2022 15:44,Student21,Test: Quiz 6 - Testversuch gestartet
24.10.2022 15:44,Student21,Test: Quiz 6 - Testversuch eingereicht
24.10.2022 15:28,Student21,Test: Quiz 6 - Testversuch gestartet
24.10.2022 11:10,Student6,Test: Quiz 6 - Testversuch gestartet
23.10.2022 21:22,Student24,Test: Quiz 6 - Testversuch eingereicht
23.10.2022 21:18,Student24,Test: Quiz 6 - Testversuch gestartet
23.10.2022 21:18,Student24,Test: Quiz 6 - Testversuch eingereicht
23.10.2022 21:09,Student24,Test: Quiz 6 - Testversuch gestartet
23.10.2022 21:08,Student24,Test: Quiz 6 - Testversuch eingereicht
23.10.2022 20:17,Student24,Test: Quiz 6 - Testversuch gestartet
23.10.2022 20:16,Student24,Test: Quiz 6 - Testversuch eingereicht
23.10.2022 17:27,Student24,Test: Quiz 6 - Testversuch gestartet
22.10.2022 14:19,Student13,Test: Quiz 6 - Testversuch gestartet
22.10.2022 14:19,Student13,Test: Quiz 6 - Testversuch eingereicht
22.10.2022 14:19,Student13,Test: Quiz 6 - Testversuch gestartet
22.10.2022 14:19,Student13,Test: Quiz 6 - Testversuch eingereicht
22.10.2022 14:18,Student13,Test: Quiz 6 - Testversuch gestartet
22.10.2022 14:18,Student13,Test: Quiz 6 - Testversuch eingereicht
22.10.2022 14:18,Student13,Test: Quiz 6 - Testversuch gestartet
22.10.2022 14:18,Student13,Test: Quiz 6 - Testversuch eingereicht
22.10.2022 14:17,Student13,Test: Quiz 6 - Testversuch gestartet
22.10.2022 14:17,Student13,Test: Quiz 6 - Testversuch eingereicht
22.10.2022 14:17,Student13,Test: Quiz 6 - Testversuch gestartet
22.10.2022 14:17,Student13,Test: Quiz 6 - Testversuch eingereicht
22.10.2022 14:17,Student13,Test: Quiz 6 - Testversuch gestartet
22.10.2022 14:16,Student13,Test: Quiz 6 - Testversuch eingereicht
22.10.2022 13:39,Student13,Test: Quiz 6 - Testversuch gestartet
22.10.2022 13:39,Student13,Test: Quiz 6 - Testversuch eingereicht
22.10.2022 13:38,Student13,Test: Quiz 6 - Testversuch gestartet
22.10.2022 13:38,Student13,Test: Quiz 6 - Testversuch eingereicht
22.10.2022 13:38,Student13,Test: Quiz 6 - Testversuch gestartet
22.10.2022 13:38,Student13,Test: Quiz 6 - Testversuch eingereicht
22.10.2022 13:37,Student13,Test: Quiz 6 - Testversuch gestartet
22.10.2022 13:37,Student13,Test: Quiz 6 - Testversuch eingereicht
22.10.2022 13:04,Student13,Test: Quiz 6 - Testversuch gestartet
22.10.2022 10:18,Student27,Test: Quiz 6 - Testversuch eingereicht
22.10.2022 10:16,Student27,Test: Quiz 6 - Testversuch gestartet
22.10.2022 10:16,Student27,Test: Quiz 6 - Testversuch eingereicht
22.10.2022 09:59,Student27,Test: Quiz 6 - Testversuch gestartet
22.10.2022 09:59,Student27,Test: Quiz 6 - Testversuch eingereicht
22.10.2022 09:31,Student27,Test: Quiz 6 - Testversuch gestartet
22.10.2022 09:31,Student27,Test: Quiz 6 - Testversuch eingereicht
22.10.2022 09:17,Student27,Test: Quiz 6 - Testversuch gestartet
21.10.2022 18:21,Student19,Test: Quiz 6 - Testversuch eingereicht
21.10.2022 18:05,Student19,Test: Quiz 6 - Testversuch gestartet
21.10.2022 18:05,Student19,Test: Quiz 6 - Testversuch eingereicht
21.10.2022 17:47,Student19,Test: Quiz 6 - Testversuch gestartet
21.10.2022 17:47,Student19,Test: Quiz 6 - Testversuch eingereicht
21.10.2022 17:17,Student19,Test: Quiz 6 - Testversuch gestartet
20.10.2022 15:48,Student31,Test: Quiz 6 - Testversuch eingereicht
20.10.2022 13:41,Student31,Test: Quiz 6 - Testversuch gestartet
19.10.2022 23:55,Student35,Test: Quiz 6 - Testversuch eingereicht
19.10.2022 23:51,Student35,Test: Quiz 6 - Testversuch gestartet
19.10.2022 23:51,Student35,Test: Quiz 6 - Testversuch eingereicht
19.10.2022 23:44,Student35,Test: Quiz 6 - Testversuch gestartet
19.10.2022 23:44,Student35,Test: Quiz 6 - Testversuch eingereicht
19.10.2022 23:10,Student35,Test: Quiz 6 - Testversuch gestartet
19.10.2022 23:10,Student35,Test: Quiz 6 - Testversuch eingereicht
19.10.2022 22:31,Student35,Test: Quiz 6 - Testversuch gestartet
19.10.2022 16:05,Student8,Test: Quiz 6 - Testversuch eingereicht
19.10.2022 15:07,Student8,Test: Quiz 6 - Testversuch gestartet
19.10.2022 10:27,Student9,Test: Quiz 6 - Testversuch eingereicht
19.10.2022 09:59,Student9,Test: Quiz 6 - Testversuch gestartet
19.10.2022 09:55,Student8,Test: Quiz 6 - Testversuch gestartet
19.10.2022 08:31,Student34,Test: Quiz 6 - Testversuch gestartet
19.10.2022 07:48,Student27,Test: Quiz 6 - Testversuch gestartet
19.10.2022 07:44,Student27,Test: Quiz 6 - Testversuch eingereicht
19.10.2022 07:08,Student27,Test: Quiz 6 - Testversuch gestartet
18.10.2022 21:55,Student29,Test: Quiz 6 - Testversuch eingereicht
18.10.2022 21:51,Student29,Test: Quiz 6 - Testversuch gestartet
18.10.2022 21:51,Student29,Test: Quiz 6 - Testversuch eingereicht
18.10.2022 21:48,Student29,Test: Quiz 6 - Testversuch gestartet
18.10.2022 21:48,Student29,Test: Quiz 6 - Testversuch eingereicht
18.10.2022 21:44,Student29,Test: Quiz 6 - Testversuch gestartet
18.10.2022 21:44,Student29,Test: Quiz 6 - Testversuch eingereicht
18.10.2022 21:40,Student14,Test: Quiz 6 - Testversuch eingereicht
18.10.2022 21:33,Student14,Test: Quiz 6 - Testversuch gestartet
18.10.2022 21:33,Student14,Test: Quiz 6 - Testversuch eingereicht
18.10.2022 21:17,Student14,Test: Quiz 6 - Testversuch gestartet
18.10.2022 21:17,Student14,Test: Quiz 6 - Testversuch eingereicht
18.10.2022 21:05,Student14,Test: Quiz 6 - Testversuch gestartet
18.10.2022 21:05,Student14,Test: Quiz 6 - Testversuch eingereicht
18.10.2022 21:01,Student14,Test: Quiz 6 - Testversuch gestartet
18.10.2022 20:30,Student14,Test: Quiz 6 - Testversuch eingereicht
18.10.2022 20:26,Student32,Test: Quiz 6 - Testversuch eingereicht
18.10.2022 20:23,Student22,Test: Quiz 6 - Testversuch gestartet
18.10.2022 20:22,Student8,Test: Quiz 6 - Testversuch gestartet
18.10.2022 20:22,Student27,Test: Quiz 6 - Testversuch gestartet
18.10.2022 20:21,Student29,Test: Quiz 6 - Testversuch gestartet
18.10.2022 20:07,Student32,Test: Quiz 6 - Testversuch gestartet
18.10.2022 20:07,Student32,Test: Quiz 6 - Testversuch eingereicht
18.10.2022 20:02,Student26,Test: Quiz 6 - Testversuch eingereicht
18.10.2022 20:00,Student26,Test: Quiz 6 - Testversuch gestartet
18.10.2022 20:00,Student26,Test: Quiz 6 - Testversuch eingereicht
18.10.2022 19:52,Student26,Test: Quiz 6 - Testversuch gestartet
18.10.2022 19:52,Student26,Test: Quiz 6 - Testversuch eingereicht
18.10.2022 19:51,Student36,Test: Quiz 6 - Testversuch eingereicht
18.10.2022 19:50,Student14,Test: Quiz 6 - Testversuch gestartet
18.10.2022 19:50,Student14,Test: Quiz 6 - Testversuch eingereicht
18.10.2022 19:46,Student26,Test: Quiz 6 - Testversuch gestartet
18.10.2022 19:46,Student26,Test: Quiz 6 - Testversuch eingereicht
18.10.2022 19:42,Student26,Test: Quiz 6 - Testversuch gestartet
18.10.2022 19:41,Student26,Test: Quiz 6 - Testversuch eingereicht
18.10.2022 19:36,Student13,Test: Quiz 6 - Testversuch gestartet
18.10.2022 19:36,Student13,Test: Quiz 6 - Testversuch eingereicht
18.10.2022 19:36,Student13,Test: Quiz 6 - Testversuch gestartet
18.10.2022 19:36,Student13,Test: Quiz 6 - Testversuch eingereicht
18.10.2022 19:35,Student14,Test: Quiz 6 - Testversuch gestartet
18.10.2022 19:35,Student14,Test: Quiz 6 - Testversuch eingereicht
18.10.2022 19:27,Student14,Test: Quiz 6 - Testversuch gestartet
18.10.2022 19:27,Student26,Test: Quiz 6 - Testversuch gestartet
18.10.2022 19:24,Student31,Test: Quiz 6 - Testversuch eingereicht
18.10.2022 19:04,Student36,Test: Quiz 6 - Testversuch gestartet
18.10.2022 19:03,Student36,Test: Quiz 6 - Testversuch eingereicht
18.10.2022 19:02,Student23,Test: Quiz 6 - Testversuch eingereicht
18.10.2022 19:02,Student21,Test: Quiz 6 - Testversuch eingereicht
18.10.2022 18:51,Student36,Test: Quiz 6 - Testversuch gestartet
18.10.2022 18:51,Student36,Test: Quiz 6 - Testversuch eingereicht
18.10.2022 18:49,Student1,Test: Quiz 6 - Testversuch gestartet
18.10.2022 18:45,Student16,Test: Quiz 6 - Testversuch gestartet
18.10.2022 18:44,Student31,Test: Quiz 6 - Testversuch gestartet
18.10.2022 18:44,Student25,Test: Quiz 6 - Testversuch gestartet
18.10.2022 18:44,Student32,Test: Quiz 6 - Testversuch gestartet
18.10.2022 18:44,Student35,Test: Quiz 6 - Testversuch gestartet
18.10.2022 18:44,Student34,Test: Quiz 6 - Testversuch gestartet
18.10.2022 18:43,Student36,Test: Quiz 6 - Testversuch gestartet
18.10.2022 18:43,Student13,Test: Quiz 6 - Testversuch gestartet
18.10.2022 18:43,Student21,Test: Quiz 6 - Testversuch gestartet
18.10.2022 18:43,Student6,Test: Quiz 6 - Testversuch gestartet
18.10.2022 18:43,Student23,Test: Quiz 6 - Testversuch gestartet
18.10.2022 16:06,Student9,Test: Quiz 5 - Testversuch eingereicht
18.10.2022 15:24,Student9,Test: Quiz 5 - Testversuch gestartet
18.10.2022 13:59,Student11,Test: Quiz 5 - Testversuch eingereicht
18.10.2022 13:39,Student19,Test: Quiz 5 - Testversuch gestartet
18.10.2022 13:36,Student11,Test: Quiz 5 - Testversuch gestartet
18.10.2022 13:36,Student11,Test: Quiz 5 - Testversuch eingereicht
18.10.2022 13:32,Student11,Test: Quiz 5 - Testversuch gestartet
18.10.2022 01:39,Student34,Test: Quiz 5 - Testversuch eingereicht
18.10.2022 00:27,Student34,Test: Quiz 5 - Testversuch gestartet
17.10.2022 23:31,Student11,Test: Quiz 5 - Testversuch eingereicht
17.10.2022 22:05,Student11,Test: Quiz 5 - Testversuch gestartet
17.10.2022 22:00,Student11,Test: Quiz 5 - Testversuch eingereicht
17.10.2022 21:12,Student11,Test: Quiz 5 - Testversuch gestartet
17.10.2022 17:02,Student34,Test: Quiz 5 - Testversuch eingereicht
17.10.2022 14:01,Student34,Test: Quiz 5 - Testversuch gestartet
17.10.2022 13:22,Student34,Test: Quiz 5 - Testversuch eingereicht
17.10.2022 10:21,Student34,Test: Quiz 5 - Testversuch gestartet
17.10.2022 00:39,Student13,Test: Quiz 5 - Testversuch eingereicht
17.10.2022 00:39,Student13,Test: Quiz 5 - Testversuch gestartet
17.10.2022 00:38,Student13,Test: Quiz 5 - Testversuch eingereicht
17.10.2022 00:38,Student13,Test: Quiz 5 - Testversuch gestartet
17.10.2022 00:38,Student13,Test: Quiz 5 - Testversuch eingereicht
17.10.2022 00:37,Student13,Test: Quiz 5 - Testversuch gestartet
17.10.2022 00:37,Student13,Test: Quiz 5 - Testversuch eingereicht
17.10.2022 00:01,Student13,Test: Quiz 5 - Testversuch gestartet
16.10.2022 20:01,Student1,Test: Quiz 5 - Testversuch eingereicht
16.10.2022 19:47,Student1,Test: Quiz 5 - Testversuch gestartet
16.10.2022 19:47,Student1,Test: Quiz 5 - Testversuch eingereicht
16.10.2022 19:27,Student37,Test: Quiz 5 - Testversuch eingereicht
16.10.2022 19:18,Student33,Test: Quiz 5 - Testversuch gestartet
16.10.2022 19:06,Student1,Test: Quiz 5 - Testversuch gestartet
16.10.2022 18:12,Student5,Test: Quiz 5 - Testversuch eingereicht
16.10.2022 17:29,Student5,Test: Quiz 5 - Testversuch gestartet
16.10.2022 16:27,Student37,Test: Quiz 5 - Testversuch gestartet
16.10.2022 16:11,Student33,Test: Quiz 5 - Testversuch eingereicht
16.10.2022 15:40,Student22,Test: Quiz 5 - Testversuch gestartet
16.10.2022 15:39,Student22,Test: Quiz 5 - Testversuch eingereicht
16.10.2022 15:22,Student36,Test: Quiz 5 - Testversuch eingereicht
16.10.2022 15:03,Student36,Test: Quiz 5 - Testversuch gestartet
16.10.2022 15:01,Student33,Test: Quiz 5 - Testversuch gestartet
16.10.2022 14:09,Student36,Test: Quiz 5 - Testversuch eingereicht
16.10.2022 12:39,Student22,Test: Quiz 5 - Testversuch gestartet
16.10.2022 11:09,Student36,Test: Quiz 5 - Testversuch gestartet
16.10.2022 11:09,Student36,Test: Quiz 5 - Testversuch eingereicht
16.10.2022 10:26,Student36,Test: Quiz 5 - Testversuch gestartet
15.10.2022 22:43,Student1,Test: Quiz 5 - Testversuch eingereicht
15.10.2022 21:01,Student1,Test: Quiz 5 - Testversuch gestartet
15.10.2022 21:01,Student1,Test: Quiz 5 - Testversuch eingereicht
15.10.2022 19:05,Student1,Test: Quiz 5 - Testversuch gestartet
15.10.2022 16:38,Student6,Test: Quiz 5 - Testversuch eingereicht
15.10.2022 16:13,Student6,Test: Quiz 5 - Testversuch gestartet
15.10.2022 16:04,Student6,Test: Quiz 5 - Testversuch eingereicht
15.10.2022 15:58,Student6,Test: Quiz 5 - Testversuch gestartet
15.10.2022 15:58,Student6,Test: Quiz 5 - Testversuch eingereicht
15.10.2022 14:48,Student6,Test: Quiz 5 - Testversuch gestartet
15.10.2022 14:39,Student8,Test: Quiz 5 - Testversuch eingereicht
15.10.2022 14:37,Student8,Test: Quiz 5 - Testversuch gestartet
15.10.2022 14:37,Student8,Test: Quiz 5 - Testversuch eingereicht
15.10.2022 12:11,Student8,Test: Quiz 5 - Testversuch gestartet
14.10.2022 17:23,Student16,Test: Quiz 5 - Testversuch eingereicht
14.10.2022 16:18,Student16,Test: Quiz 5 - Testversuch gestartet
14.10.2022 16:18,Student16,Test: Quiz 5 - Testversuch eingereicht
14.10.2022 16:09,Student16,Test: Quiz 5 - Testversuch gestartet
13.10.2022 19:42,Student21,Test: Quiz 5 - Testversuch eingereicht
13.10.2022 18:13,Student21,Test: Quiz 5 - Testversuch gestartet
13.10.2022 17:01,Student35,Test: Quiz 5 - Testversuch eingereicht
13.10.2022 16:42,Student19,Test: Quiz 5 - Testversuch eingereicht
13.10.2022 16:15,Student35,Test: Quiz 5 - Testversuch gestartet
13.10.2022 16:15,Student35,Test: Quiz 5 - Testversuch eingereicht
13.10.2022 16:00,Student19,Test: Quiz 5 - Testversuch gestartet
13.10.2022 15:58,Student35,Test: Quiz 5 - Testversuch gestartet
13.10.2022 15:58,Student35,Test: Quiz 5 - Testversuch eingereicht
13.10.2022 15:27,Student35,Test: Quiz 5 - Testversuch gestartet
13.10.2022 15:14,Student35,Test: Quiz 5 - Testversuch eingereicht
13.10.2022 13:51,Student24,Test: Quiz 5 - Testversuch eingereicht
13.10.2022 13:48,Student24,Test: Quiz 5 - Testversuch gestartet
13.10.2022 13:48,Student24,Test: Quiz 5 - Testversuch eingereicht
13.10.2022 13:47,Student24,Test: Quiz 5 - Testversuch gestartet
13.10.2022 13:47,Student24,Test: Quiz 5 - Testversuch eingereicht
13.10.2022 13:35,Student31,Test: Quiz 5 - Testversuch eingereicht
13.10.2022 13:35,Student24,Test: Quiz 5 - Testversuch gestartet
13.10.2022 13:15,Student25,Test: Quiz 5 - Testversuch eingereicht
13.10.2022 13:14,Student30,Test: Quiz 5 - Testversuch eingereicht
13.10.2022 12:31,Student25,Test: Quiz 5 - Testversuch gestartet
13.10.2022 12:14,Student35,Test: Quiz 5 - Testversuch gestartet
13.10.2022 12:04,Student31,Test: Quiz 5 - Testversuch gestartet
13.10.2022 11:12,Student30,Test: Quiz 5 - Testversuch gestartet
12.10.2022 22:09,Student24,Test: Quiz 5 - Testversuch gestartet
12.10.2022 21:39,Student29,Test: Quiz 5 - Testversuch eingereicht
12.10.2022 21:27,Student29,Test: Quiz 5 - Testversuch gestartet
12.10.2022 20:56,Student27,Test: Quiz 5 - Testversuch gestartet
11.10.2022 23:30,Student32,Test: Quiz 5 - Testversuch eingereicht
11.10.2022 22:51,Student32,Test: Quiz 5 - Testversuch gestartet
11.10.2022 20:45,Student24,Test: Quiz 5 - Testversuch gestartet
11.10.2022 20:45,Student24,Test: Quiz 5 - Testversuch eingereicht
11.10.2022 20:39,Student14,Test: Quiz 5 - Testversuch eingereicht
11.10.2022 20:29,Student22,Test: Quiz 5 - Testversuch gestartet
11.10.2022 20:14,Student26,Test: Quiz 5 - Testversuch eingereicht
11.10.2022 20:12,Student27,Test: Quiz 5 - Testversuch gestartet
11.10.2022 20:10,Student29,Test: Quiz 5 - Testversuch eingereicht
11.10.2022 19:58,Student14,Test: Quiz 5 - Testversuch gestartet
11.10.2022 19:58,Student14,Test: Quiz 5 - Testversuch eingereicht
11.10.2022 19:42,Student24,Test: Quiz 5 - Testversuch gestartet
11.10.2022 19:42,Student29,Test: Quiz 5 - Testversuch gestartet
11.10.2022 19:34,Student14,Test: Quiz 5 - Testversuch gestartet
11.10.2022 19:32,Student26,Test: Quiz 5 - Testversuch gestartet
11.10.2022 19:28,Student23,Test: Quiz 5 - Testversuch eingereicht
11.10.2022 19:18,Student36,Test: Quiz 5 - Testversuch eingereicht
11.10.2022 19:09,Student33,Test: Quiz 5 - Testversuch gestartet
11.10.2022 19:04,Student36,Test: Quiz 5 - Testversuch gestartet
11.10.2022 19:04,Student36,Test: Quiz 5 - Testversuch eingereicht
11.10.2022 19:01,Student31,Test: Quiz 5 - Testversuch gestartet
11.10.2022 19:01,Student21,Test: Quiz 5 - Testversuch gestartet
11.10.2022 19:01,Student36,Test: Quiz 5 - Testversuch gestartet
11.10.2022 19:01,Student23,Test: Quiz 5 - Testversuch gestartet
11.10.2022 19:01,Student25,Test: Quiz 5 - Testversuch gestartet
11.10.2022 19:01,Student6,Test: Quiz 5 - Testversuch gestartet
11.10.2022 16:52,Student34,Test: Quiz 4 - Testversuch eingereicht
11.10.2022 16:01,Student18,Test: Quiz 4 - Testversuch eingereicht
11.10.2022 15:52,Student34,Test: Quiz 4 - Testversuch gestartet
11.10.2022 15:47,Student18,Test: Quiz 4 - Testversuch gestartet
11.10.2022 15:46,Student18,Test: Quiz 4 - Testversuch eingereicht
11.10.2022 15:15,Student11,Test: Quiz 4 - Testversuch eingereicht
11.10.2022 15:12,Student18,Test: Quiz 4 - Testversuch gestartet
11.10.2022 15:02,Student11,Test: Quiz 4 - Testversuch gestartet
11.10.2022 14:54,Student11,Test: Quiz 4 - Testversuch eingereicht
11.10.2022 14:41,Student11,Test: Quiz 4 - Testversuch gestartet
11.10.2022 10:35,Student15,Test: Quiz 4 - Testversuch eingereicht
11.10.2022 09:35,Student15,Test: Quiz 4 - Testversuch gestartet
11.10.2022 09:15,Student15,Test: Quiz 4 - Testversuch eingereicht
11.10.2022 08:15,Student15,Test: Quiz 4 - Testversuch gestartet
10.10.2022 18:22,Student37,Test: Quiz 4 - Testversuch eingereicht
10.10.2022 17:22,Student37,Test: Quiz 4 - Testversuch gestartet
10.10.2022 16:01,Student21,Test: Quiz 4 - Testversuch eingereicht
10.10.2022 15:46,Student21,Test: Quiz 4 - Testversuch gestartet
10.10.2022 15:46,Student21,Test: Quiz 4 - Testversuch eingereicht
10.10.2022 15:36,Student21,Test: Quiz 4 - Testversuch gestartet
10.10.2022 15:36,Student21,Test: Quiz 4 - Testversuch eingereicht
10.10.2022 15:33,Student21,Test: Quiz 4 - Testversuch gestartet
10.10.2022 15:15,Student21,Test: Quiz 4 - Testversuch eingereicht
10.10.2022 14:15,Student21,Test: Quiz 4 - Testversuch gestartet
10.10.2022 13:52,Student30,Test: Quiz 4 - Testversuch eingereicht
10.10.2022 13:15,Student30,Test: Quiz 4 - Testversuch gestartet
10.10.2022 13:14,Student30,Test: Quiz 4 - Testversuch eingereicht
10.10.2022 13:06,Student30,Test: Quiz 4 - Testversuch gestartet
10.10.2022 13:06,Student30,Test: Quiz 4 - Testversuch eingereicht
10.10.2022 12:08,Student30,Test: Quiz 4 - Testversuch gestartet
9.10.2022 23:23,Student11,Test: Quiz 4 - Testversuch eingereicht
9.10.2022 22:24,Student11,Test: Quiz 4 - Testversuch gestartet
9.10.2022 16:22,Student22,Test: Quiz 4 - Testversuch eingereicht
9.10.2022 15:52,Student22,Test: Quiz 4 - Testversuch gestartet
9.10.2022 14:46,Student22,Test: Quiz 4 - Testversuch eingereicht
9.10.2022 13:51,Student22,Test: Quiz 4 - Testversuch gestartet
8.10.2022 20:30,Student22,Test: Quiz 4 - Testversuch gestartet
8.10.2022 19:44,Student22,Test: Quiz 4 - Testversuch eingereicht
8.10.2022 18:44,Student22,Test: Quiz 4 - Testversuch gestartet
8.10.2022 17:15,Student22,Test: Quiz 4 - Testversuch gestartet
8.10.2022 17:07,Student13,Test: Quiz 4 - Testversuch eingereicht
8.10.2022 16:31,Student13,Test: Quiz 4 - Testversuch gestartet
7.10.2022 22:17,Student6,Test: Quiz 4 - Testversuch eingereicht
7.10.2022 21:52,Student1,Test: Quiz 4 - Testversuch eingereicht
7.10.2022 21:50,Student6,Test: Quiz 4 - Testversuch gestartet
7.10.2022 20:57,Student1,Test: Quiz 4 - Testversuch gestartet
6.10.2022 20:38,Student32,Test: Quiz 4 - Testversuch eingereicht
6.10.2022 20:28,Student32,Test: Quiz 4 - Testversuch gestartet
6.10.2022 20:28,Student32,Test: Quiz 4 - Testversuch eingereicht
6.10.2022 20:26,Student32,Test: Quiz 4 - Testversuch gestartet
6.10.2022 15:29,Student32,Test: Quiz 4 - Testversuch eingereicht
6.10.2022 15:16,Student32,Test: Quiz 4 - Testversuch gestartet
5.10.2022 19:23,Student31,Test: Quiz 4 - Testversuch eingereicht
5.10.2022 18:37,Student31,Test: Quiz 4 - Testversuch gestartet
5.10.2022 14:28,Student33,Test: Quiz 4 - Testversuch eingereicht
5.10.2022 13:56,Student33,Test: Quiz 4 - Testversuch gestartet
5.10.2022 07:31,Student27,Test: Quiz 4 - Testversuch eingereicht
5.10.2022 07:13,Student27,Test: Quiz 4 - Testversuch gestartet
4.10.2022 23:18,Student16,Test: Quiz 4 - Testversuch eingereicht
4.10.2022 23:00,Student16,Test: Quiz 4 - Testversuch gestartet
4.10.2022 23:00,Student16,Test: Quiz 4 - Testversuch eingereicht
4.10.2022 22:20,Student16,Test: Quiz 4 - Testversuch gestartet
4.10.2022 21:24,Student15,Test: Quiz 4 - Testversuch eingereicht
4.10.2022 21:21,Student19,Test: Quiz 4 - Testversuch eingereicht
4.10.2022 21:08,Student8,Test: Quiz 4 - Testversuch eingereicht
4.10.2022 20:56,Student11,Test: Quiz 4 - Testversuch eingereicht
4.10.2022 20:47,Student22,Test: Quiz 4 - Testversuch eingereicht
4.10.2022 20:46,Student22,Test: Quiz 4 - Testversuch gestartet
4.10.2022 20:45,Student22,Test: Quiz 4 - Testversuch eingereicht
4.10.2022 20:38,Student9,Test: Quiz 4 - Testversuch eingereicht
4.10.2022 20:34,Student24,Test: Quiz 4 - Testversuch eingereicht
4.10.2022 20:26,Student24,Test: Quiz 4 - Testversuch gestartet
4.10.2022 20:26,Student24,Test: Quiz 4 - Testversuch eingereicht
4.10.2022 20:25,Student11,Test: Quiz 4 - Testversuch gestartet
4.10.2022 20:24,Student14,Test: Quiz 4 - Testversuch eingereicht
4.10.2022 20:24,Student28,Test: Quiz 4 - Testversuch eingereicht
4.10.2022 20:23,Student27,Test: Quiz 4 - Testversuch gestartet
4.10.2022 20:23,Student15,Test: Quiz 4 - Testversuch gestartet
4.10.2022 20:23,Student19,Test: Quiz 4 - Testversuch gestartet
4.10.2022 20:23,Student8,Test: Quiz 4 - Testversuch gestartet
4.10.2022 20:23,Student9,Test: Quiz 4 - Testversuch gestartet
4.10.2022 20:10,Student14,Test: Quiz 4 - Testversuch gestartet
4.10.2022 20:10,Student24,Test: Quiz 4 - Testversuch gestartet
4.10.2022 20:09,Student14,Test: Quiz 4 - Testversuch eingereicht
4.10.2022 20:09,Student24,Test: Quiz 4 - Testversuch eingereicht
4.10.2022 19:49,Student29,Test: Quiz 4 - Testversuch eingereicht
4.10.2022 19:48,Student34,Test: Quiz 4 - Testversuch eingereicht
4.10.2022 19:47,Student26,Test: Quiz 4 - Testversuch eingereicht
4.10.2022 19:45,Student22,Test: Quiz 4 - Testversuch gestartet
4.10.2022 19:39,Student28,Test: Quiz 4 - Testversuch gestartet
4.10.2022 19:35,Student24,Test: Quiz 4 - Testversuch gestartet
4.10.2022 19:29,Student29,Test: Quiz 4 - Testversuch gestartet
4.10.2022 19:28,Student14,Test: Quiz 4 - Testversuch gestartet
4.10.2022 19:26,Student26,Test: Quiz 4 - Testversuch gestartet
4.10.2022 19:18,Student16,Test: Quiz 4 - Testversuch eingereicht
4.10.2022 19:17,Student36,Test: Quiz 4 - Testversuch eingereicht
4.10.2022 19:17,Student35,Test: Quiz 4 - Testversuch eingereicht
4.10.2022 19:14,Student1,Test: Quiz 4 - Testversuch eingereicht
4.10.2022 19:07,Student32,Test: Quiz 4 - Testversuch eingereicht
4.10.2022 19:06,Student25,Test: Quiz 4 - Testversuch eingereicht
4.10.2022 19:06,Student5,Test: Quiz 4 - Testversuch eingereicht
4.10.2022 19:04,Student23,Test: Quiz 4 - Testversuch eingereicht
4.10.2022 18:57,Student5,Test: Quiz 4 - Testversuch gestartet
4.10.2022 18:57,Student5,Test: Quiz 4 - Testversuch eingereicht
4.10.2022 18:51,Student36,Test: Quiz 4 - Testversuch gestartet
4.10.2022 18:49,Student33,Test: Quiz 4 - Testversuch gestartet
4.10.2022 18:49,Student21,Test: Quiz 4 - Testversuch gestartet
4.10.2022 18:48,Student1,Test: Quiz 4 - Testversuch gestartet
4.10.2022 18:48,Student16,Test: Quiz 4 - Testversuch gestartet
4.10.2022 18:48,Student35,Test: Quiz 4 - Testversuch gestartet
4.10.2022 18:48,Student23,Test: Quiz 4 - Testversuch gestartet
4.10.2022 18:48,Student32,Test: Quiz 4 - Testversuch gestartet
4.10.2022 18:48,Student25,Test: Quiz 4 - Testversuch gestartet
4.10.2022 18:48,Student13,Test: Quiz 4 - Testversuch gestartet
4.10.2022 18:48,Student5,Test: Quiz 4 - Testversuch gestartet
4.10.2022 18:48,Student34,Test: Quiz 4 - Testversuch gestartet
3.10.2022 23:55,Student11,Test: Quiz 3 - Testversuch eingereicht
3.10.2022 23:52,Student11,Test: Quiz 3 - Testversuch gestartet
3.10.2022 23:52,Student11,Test: Quiz 3 - Testversuch eingereicht
3.10.2022 23:44,Student11,Test: Quiz 3 - Testversuch gestartet
3.10.2022 23:44,Student11,Test: Quiz 3 - Testversuch eingereicht
3.10.2022 23:39,Student11,Test: Quiz 3 - Testversuch gestartet
3.10.2022 23:39,Student11,Test: Quiz 3 - Testversuch eingereicht
3.10.2022 23:35,Student11,Test: Quiz 3 - Testversuch gestartet
3.10.2022 23:35,Student11,Test: Quiz 3 - Testversuch eingereicht
3.10.2022 23:20,Student11,Test: Quiz 3 - Testversuch gestartet
3.10.2022 23:15,Student11,Test: Quiz 3 - Testversuch eingereicht
3.10.2022 23:07,Student11,Test: Quiz 3 - Testversuch gestartet
3.10.2022 23:01,Student11,Test: Quiz 3 - Testversuch eingereicht
3.10.2022 22:46,Student11,Test: Quiz 3 - Testversuch gestartet
3.10.2022 22:43,Student32,Test: Quiz 3 - Testversuch eingereicht
3.10.2022 22:31,Student32,Test: Quiz 3 - Testversuch gestartet
3.10.2022 20:39,Student15,Test: Quiz 3 - Testversuch eingereicht
3.10.2022 20:28,Student13,Test: Quiz 3 - Testversuch eingereicht
3.10.2022 20:15,Student13,Test: Quiz 3 - Testversuch gestartet
3.10.2022 20:15,Student13,Test: Quiz 3 - Testversuch eingereicht
3.10.2022 20:09,Student15,Test: Quiz 3 - Testversuch gestartet
3.10.2022 20:05,Student13,Test: Quiz 3 - Testversuch gestartet
1.10.2022 21:57,Student1,Test: Quiz 3 - Testversuch eingereicht
1.10.2022 21:51,Student1,Test: Quiz 3 - Testversuch gestartet
1.10.2022 21:51,Student1,Test: Quiz 3 - Testversuch eingereicht
1.10.2022 21:44,Student1,Test: Quiz 3 - Testversuch gestartet
1.10.2022 21:44,Student1,Test: Quiz 3 - Testversuch eingereicht
1.10.2022 21:36,Student1,Test: Quiz 3 - Testversuch gestartet
1.10.2022 21:36,Student1,Test: Quiz 3 - Testversuch eingereicht
1.10.2022 21:15,Student1,Test: Quiz 3 - Testversuch gestartet
1.10.2022 15:15,Student30,Test: Quiz 3 - Testversuch eingereicht
1.10.2022 14:37,Student30,Test: Quiz 3 - Testversuch gestartet
29.09.2022 13:16,Student26,Test: Quiz 3 - Testversuch eingereicht
29.09.2022 13:13,Student26,Test: Quiz 3 - Testversuch gestartet
29.09.2022 13:12,Student26,Test: Quiz 3 - Testversuch eingereicht
29.09.2022 13:08,Student26,Test: Quiz 3 - Testversuch gestartet
29.09.2022 13:08,Student26,Test: Quiz 3 - Testversuch eingereicht
29.09.2022 12:50,Student26,Test: Quiz 3 - Testversuch gestartet
29.09.2022 12:50,Student26,Test: Quiz 3 - Testversuch eingereicht
29.09.2022 12:44,Student26,Test: Quiz 3 - Testversuch gestartet
29.09.2022 11:01,Student34,Test: Quiz 3 - Testversuch eingereicht
29.09.2022 10:19,Student34,Test: Quiz 3 - Testversuch gestartet
27.09.2022 22:28,Student27,Test: Quiz 3 - Testversuch eingereicht
27.09.2022 22:17,Student27,Test: Quiz 3 - Testversuch gestartet
27.09.2022 22:01,Student27,Test: Quiz 3 - Testversuch eingereicht
27.09.2022 21:17,Student27,Test: Quiz 3 - Testversuch gestartet
27.09.2022 21:02,Student8,Test: Quiz 3 - Testversuch eingereicht
27.09.2022 20:51,Student11,Test: Quiz 3 - Testversuch eingereicht
27.09.2022 20:49,Student18,Test: Quiz 3 - Testversuch eingereicht
27.09.2022 20:31,Student9,Test: Quiz 3 - Testversuch eingereicht
27.09.2022 20:31,Student22,Test: Quiz 3 - Testversuch eingereicht
27.09.2022 20:25,Student28,Test: Quiz 3 - Testversuch eingereicht
27.09.2022 20:24,Student19,Test: Quiz 3 - Testversuch eingereicht
27.09.2022 20:20,Student28,Test: Quiz 3 - Testversuch gestartet
27.09.2022 20:15,Student15,Test: Quiz 3 - Testversuch eingereicht
27.09.2022 20:15,Student28,Test: Quiz 3 - Testversuch eingereicht
27.09.2022 20:13,Student12,Test: Quiz 3 - Testversuch eingereicht
27.09.2022 20:13,Student24,Test: Quiz 3 - Testversuch eingereicht
27.09.2022 20:10,Student18,Test: Quiz 3 - Testversuch gestartet
27.09.2022 20:10,Student15,Test: Quiz 3 - Testversuch gestartet
27.09.2022 20:10,Student19,Test: Quiz 3 - Testversuch gestartet
27.09.2022 20:10,Student9,Test: Quiz 3 - Testversuch gestartet
27.09.2022 20:10,Student11,Test: Quiz 3 - Testversuch gestartet
27.09.2022 20:10,Student37,Test: Quiz 3 - Testversuch gestartet
27.09.2022 20:09,Student8,Test: Quiz 3 - Testversuch gestartet
27.09.2022 20:08,Student29,Test: Quiz 3 - Testversuch eingereicht
27.09.2022 20:08,Student24,Test: Quiz 3 - Testversuch gestartet
27.09.2022 20:07,Student24,Test: Quiz 3 - Testversuch eingereicht
27.09.2022 20:01,Student22,Test: Quiz 3 - Testversuch gestartet
27.09.2022 20:00,Student24,Test: Quiz 3 - Testversuch gestartet
27.09.2022 19:59,Student29,Test: Quiz 3 - Testversuch gestartet
27.09.2022 19:59,Student24,Test: Quiz 3 - Testversuch eingereicht
27.09.2022 19:56,Student14,Test: Quiz 3 - Testversuch eingereicht
27.09.2022 19:52,Student14,Test: Quiz 3 - Testversuch gestartet
27.09.2022 19:52,Student14,Test: Quiz 3 - Testversuch eingereicht
27.09.2022 19:46,Student24,Test: Quiz 3 - Testversuch gestartet
27.09.2022 19:36,Student12,Test: Quiz 3 - Testversuch gestartet
27.09.2022 19:34,Student14,Test: Quiz 3 - Testversuch gestartet
27.09.2022 19:32,Student13,Test: Quiz 3 - Testversuch eingereicht
27.09.2022 19:30,Student28,Test: Quiz 3 - Testversuch gestartet
27.09.2022 19:15,Student31,Test: Quiz 3 - Testversuch eingereicht
27.09.2022 19:06,Student21,Test: Quiz 3 - Testversuch eingereicht
27.09.2022 19:04,Student6,Test: Quiz 3 - Testversuch eingereicht
27.09.2022 19:02,Student35,Test: Quiz 3 - Testversuch eingereicht
27.09.2022 19:00,Student36,Test: Quiz 3 - Testversuch eingereicht
27.09.2022 18:59,Student1,Test: Quiz 3 - Testversuch eingereicht
27.09.2022 18:58,Student6,Test: Quiz 3 - Testversuch gestartet
27.09.2022 18:58,Student6,Test: Quiz 3 - Testversuch eingereicht
27.09.2022 18:56,Student35,Test: Quiz 3 - Testversuch gestartet
27.09.2022 18:56,Student35,Test: Quiz 3 - Testversuch eingereicht
27.09.2022 18:51,Student36,Test: Quiz 3 - Testversuch gestartet
27.09.2022 18:51,Student16,Test: Quiz 3 - Testversuch eingereicht
27.09.2022 18:50,Student33,Test: Quiz 3 - Testversuch eingereicht
27.09.2022 18:49,Student25,Test: Quiz 3 - Testversuch eingereicht
27.09.2022 18:46,Student35,Test: Quiz 3 - Testversuch gestartet
27.09.2022 18:46,Student35,Test: Quiz 3 - Testversuch eingereicht
27.09.2022 18:46,Student36,Test: Quiz 3 - Testversuch eingereicht
27.09.2022 18:44,Student21,Test: Quiz 3 - Testversuch gestartet
27.09.2022 18:44,Student21,Test: Quiz 3 - Testversuch eingereicht
27.09.2022 18:40,Student23,Test: Quiz 3 - Testversuch eingereicht
27.09.2022 18:40,Student5,Test: Quiz 3 - Testversuch eingereicht
27.09.2022 18:35,Student36,Test: Quiz 3 - Testversuch gestartet
27.09.2022 18:35,Student36,Test: Quiz 3 - Testversuch eingereicht
27.09.2022 18:34,Student1,Test: Quiz 3 - Testversuch gestartet
27.09.2022 18:33,Student21,Test: Quiz 3 - Testversuch gestartet
27.09.2022 18:33,Student35,Test: Quiz 3 - Testversuch gestartet
27.09.2022 18:33,Student23,Test: Quiz 3 - Testversuch gestartet
27.09.2022 18:32,Student16,Test: Quiz 3 - Testversuch gestartet
27.09.2022 18:32,Student36,Test: Quiz 3 - Testversuch gestartet
27.09.2022 18:32,Student32,Test: Quiz 3 - Testversuch gestartet
27.09.2022 18:32,Student31,Test: Quiz 3 - Testversuch gestartet
27.09.2022 18:32,Student6,Test: Quiz 3 - Testversuch gestartet
27.09.2022 18:32,Student33,Test: Quiz 3 - Testversuch gestartet
27.09.2022 18:32,Student25,Test: Quiz 3 - Testversuch gestartet
27.09.2022 18:32,Student13,Test: Quiz 3 - Testversuch gestartet
27.09.2022 18:32,Student5,Test: Quiz 3 - Testversuch gestartet
27.09.2022 16:07,Student25,Test: Quiz 2 - Testversuch gestartet
27.09.2022 15:09,Student15,Test: Quiz 2 - Testversuch eingereicht
27.09.2022 14:29,Student15,Test: Quiz 2 - Testversuch gestartet
27.09.2022 14:29,Student15,Test: Quiz 2 - Testversuch eingereicht
27.09.2022 13:46,Student15,Test: Quiz 2 - Testversuch gestartet
27.09.2022 12:48,Student11,Test: Quiz 2 - Testversuch eingereicht
27.09.2022 12:33,Student11,Test: Quiz 2 - Testversuch gestartet
26.09.2022 10:01,Student11,Test: Quiz 2 - Testversuch eingereicht
26.09.2022 09:32,Student11,Test: Quiz 2 - Testversuch gestartet
26.09.2022 01:18,Student13,Test: Quiz 2 - Testversuch eingereicht
26.09.2022 00:37,Student13,Test: Quiz 2 - Testversuch gestartet
25.09.2022 14:53,Student12,Test: Quiz 2 - Testversuch eingereicht
25.09.2022 13:58,Student12,Test: Quiz 2 - Testversuch gestartet
24.09.2022 17:12,Student11,Test: Quiz 2 - Testversuch eingereicht
24.09.2022 16:43,Student11,Test: Quiz 2 - Testversuch gestartet
23.09.2022 19:00,Student12,Test: Quiz 2 - Testversuch gestartet
23.09.2022 13:45,Student21,Test: Quiz 2 - Testversuch eingereicht
23.09.2022 13:28,Student21,Test: Quiz 2 - Testversuch gestartet
23.09.2022 13:28,Student21,Test: Quiz 2 - Testversuch eingereicht
23.09.2022 13:15,Student33,Test: Quiz 2 - Testversuch eingereicht
23.09.2022 12:46,Student33,Test: Quiz 2 - Testversuch gestartet
23.09.2022 12:44,Student21,Test: Quiz 2 - Testversuch gestartet
22.09.2022 23:51,Student16,Test: Quiz 2 - Testversuch eingereicht
22.09.2022 23:22,Student16,Test: Quiz 2 - Testversuch gestartet
22.09.2022 15:53,Student12,Test: Quiz 2 - Testversuch eingereicht
22.09.2022 14:53,Student12,Test: Quiz 2 - Testversuch gestartet
21.09.2022 22:12,Student27,Test: Quiz 2 - Testversuch eingereicht
21.09.2022 22:03,Student27,Test: Quiz 2 - Testversuch gestartet
21.09.2022 22:02,Student27,Test: Quiz 2 - Testversuch eingereicht
21.09.2022 21:54,Student27,Test: Quiz 2 - Testversuch gestartet
21.09.2022 19:54,Student9,Test: Quiz 2 - Testversuch eingereicht
21.09.2022 19:26,Student9,Test: Quiz 2 - Testversuch gestartet
21.09.2022 15:11,Student26,Test: Quiz 2 - Testversuch eingereicht
21.09.2022 15:04,Student26,Test: Quiz 2 - Testversuch gestartet
21.09.2022 15:03,Student26,Test: Quiz 2 - Testversuch eingereicht
21.09.2022 14:59,Student26,Test: Quiz 2 - Testversuch gestartet
21.09.2022 14:59,Student26,Test: Quiz 2 - Testversuch eingereicht
21.09.2022 14:50,Student26,Test: Quiz 2 - Testversuch gestartet
21.09.2022 14:49,Student26,Test: Quiz 2 - Testversuch eingereicht
21.09.2022 14:46,Student30,Test: Quiz 2 - Testversuch eingereicht
21.09.2022 14:30,Student26,Test: Quiz 2 - Testversuch gestartet
21.09.2022 14:23,Student30,Test: Quiz 2 - Testversuch gestartet
21.09.2022 10:34,Student12,Test: Quiz 2 - Testversuch gestartet
21.09.2022 00:26,Student1,Test: Quiz 2 - Testversuch eingereicht
21.09.2022 00:17,Student1,Test: Quiz 2 - Testversuch gestartet
21.09.2022 00:17,Student1,Test: Quiz 2 - Testversuch eingereicht
21.09.2022 00:07,Student1,Test: Quiz 2 - Testversuch gestartet
21.09.2022 00:04,Student1,Test: Quiz 2 - Testversuch eingereicht
20.09.2022 23:34,Student1,Test: Quiz 2 - Testversuch gestartet
20.09.2022 22:16,Student8,Test: Quiz 2 - Testversuch eingereicht
20.09.2022 21:52,Student8,Test: Quiz 2 - Testversuch gestartet
20.09.2022 20:56,Student8,Test: Quiz 2 - Testversuch eingereicht
20.09.2022 20:50,Student11,Test: Quiz 2 - Testversuch eingereicht
20.09.2022 20:40,Student30,Test: Quiz 2 - Testversuch eingereicht
20.09.2022 20:39,Student37,Test: Quiz 2 - Testversuch eingereicht
20.09.2022 20:39,Student18,Test: Quiz 2 - Testversuch eingereicht
20.09.2022 20:36,Student11,Test: Quiz 2 - Testversuch gestartet
20.09.2022 20:35,Student22,Test: Quiz 2 - Testversuch eingereicht
20.09.2022 20:32,Student28,Test: Quiz 2 - Testversuch eingereicht
20.09.2022 20:31,Student11,Test: Quiz 2 - Testversuch eingereicht
20.09.2022 20:29,Student19,Test: Quiz 2 - Testversuch eingereicht
20.09.2022 20:29,Student24,Test: Quiz 2 - Testversuch eingereicht
20.09.2022 20:24,Student24,Test: Quiz 2 - Testversuch gestartet
20.09.2022 20:23,Student24,Test: Quiz 2 - Testversuch eingereicht
20.09.2022 20:23,Student28,Test: Quiz 2 - Testversuch gestartet
20.09.2022 20:23,Student28,Test: Quiz 2 - Testversuch eingereicht
20.09.2022 20:22,Student27,Test: Quiz 2 - Testversuch eingereicht
20.09.2022 20:18,Student14,Test: Quiz 2 - Testversuch eingereicht
20.09.2022 20:14,Student29,Test: Quiz 2 - Testversuch eingereicht
20.09.2022 20:07,Student30,Test: Quiz 2 - Testversuch gestartet
20.09.2022 20:06,Student27,Test: Quiz 2 - Testversuch gestartet
20.09.2022 20:06,Student28,Test: Quiz 2 - Testversuch gestartet
20.09.2022 20:06,Student8,Test: Quiz 2 - Testversuch gestartet
20.09.2022 20:06,Student24,Test: Quiz 2 - Testversuch gestartet
20.09.2022 20:06,Student22,Test: Quiz 2 - Testversuch gestartet
20.09.2022 20:06,Student11,Test: Quiz 2 - Testversuch gestartet
20.09.2022 20:06,Student14,Test: Quiz 2 - Testversuch gestartet
20.09.2022 20:06,Student37,Test: Quiz 2 - Testversuch gestartet
20.09.2022 20:06,Student18,Test: Quiz 2 - Testversuch gestartet
20.09.2022 20:06,Student29,Test: Quiz 2 - Testversuch gestartet
20.09.2022 20:06,Student19,Test: Quiz 2 - Testversuch gestartet
20.09.2022 19:09,Student1,Test: Quiz 2 - Testversuch eingereicht
20.09.2022 19:06,Student32,Test: Quiz 2 - Testversuch eingereicht
20.09.2022 19:04,Student25,Test: Quiz 2 - Testversuch eingereicht
20.09.2022 19:03,Student31,Test: Quiz 2 - Testversuch eingereicht
20.09.2022 19:00,Student16,Test: Quiz 2 - Testversuch eingereicht
20.09.2022 18:59,Student34,Test: Quiz 2 - Testversuch eingereicht
20.09.2022 18:58,Student32,Test: Quiz 2 - Testversuch gestartet
20.09.2022 18:57,Student5,Test: Quiz 2 - Testversuch eingereicht
20.09.2022 18:57,Student32,Test: Quiz 2 - Testversuch eingereicht
20.09.2022 18:49,Student6,Test: Quiz 2 - Testversuch eingereicht
20.09.2022 18:49,Student35,Test: Quiz 2 - Testversuch eingereicht
20.09.2022 18:48,Student36,Test: Quiz 2 - Testversuch eingereicht
20.09.2022 18:47,Student23,Test: Quiz 2 - Testversuch eingereicht
20.09.2022 18:44,Student5,Test: Quiz 2 - Testversuch gestartet
20.09.2022 18:44,Student5,Test: Quiz 2 - Testversuch eingereicht
20.09.2022 18:31,Student1,Test: Quiz 2 - Testversuch gestartet
20.09.2022 18:30,Student2,Test: Quiz 2 - Testversuch gestartet
20.09.2022 18:30,Student36,Test: Quiz 2 - Testversuch gestartet
20.09.2022 18:30,Student32,Test: Quiz 2 - Testversuch gestartet
20.09.2022 18:30,Student6,Test: Quiz 2 - Testversuch gestartet
20.09.2022 18:30,Student13,Test: Quiz 2 - Testversuch gestartet
20.09.2022 18:30,Student25,Test: Quiz 2 - Testversuch gestartet
20.09.2022 18:30,Student16,Test: Quiz 2 - Testversuch gestartet
20.09.2022 18:30,Student35,Test: Quiz 2 - Testversuch gestartet
20.09.2022 18:30,Student34,Test: Quiz 2 - Testversuch gestartet
20.09.2022 18:30,Student31,Test: Quiz 2 - Testversuch gestartet
20.09.2022 18:30,Student23,Test: Quiz 2 - Testversuch gestartet
20.09.2022 18:30,Student5,Test: Quiz 2 - Testversuch gestartet
20.09.2022 17:00,Student25,Test: Quiz 1 - Testversuch eingereicht
20.09.2022 16:55,Student25,Test: Quiz 1 - Testversuch gestartet
20.09.2022 15:34,Student11,Test: Quiz 1 - Testversuch eingereicht
20.09.2022 15:18,Student11,Test: Quiz 1 - Testversuch gestartet
20.09.2022 14:13,Student2,Test: Quiz 1 - Testversuch eingereicht
20.09.2022 14:08,Student2,Test: Quiz 1 - Testversuch gestartet
20.09.2022 14:08,Student2,Test: Quiz 1 - Testversuch eingereicht
20.09.2022 14:05,Student2,Test: Quiz 1 - Testversuch gestartet
20.09.2022 14:05,Student2,Test: Quiz 1 - Testversuch eingereicht
20.09.2022 13:57,Student2,Test: Quiz 1 - Testversuch gestartet
20.09.2022 13:56,Student15,Test: Quiz 1 - Testversuch eingereicht
20.09.2022 13:15,Student15,Test: Quiz 1 - Testversuch gestartet
20.09.2022 12:30,Student11,Test: Quiz 1 - Testversuch eingereicht
20.09.2022 12:22,Student11,Test: Quiz 1 - Testversuch gestartet
20.09.2022 11:57,Student11,Test: Quiz 1 - Testversuch eingereicht
20.09.2022 11:41,Student11,Test: Quiz 1 - Testversuch gestartet
20.09.2022 11:16,Student9,Test: Quiz 1 - Testversuch eingereicht
20.09.2022 11:10,Student9,Test: Quiz 1 - Testversuch gestartet
20.09.2022 11:10,Student9,Test: Quiz 1 - Tour beendet
20.09.2022 11:10,Student9,Test: Quiz 1 - Tour begonnen
19.09.2022 23:19,Student2,Test: Quiz 1 - Testversuch eingereicht
19.09.2022 23:01,Student2,Test: Quiz 1 - Testversuch gestartet
19.09.2022 21:03,Student19,Test: Quiz 1 - Testversuch eingereicht
19.09.2022 20:57,Student19,Test: Quiz 1 - Testversuch gestartet
19.09.2022 10:38,Student24,Test: Quiz 1 - Testversuch eingereicht
19.09.2022 10:35,Student24,Test: Quiz 1 - Testversuch gestartet
19.09.2022 10:35,Student24,Test: Quiz 1 - Testversuch eingereicht
19.09.2022 10:26,Student24,Test: Quiz 1 - Testversuch gestartet
18.09.2022 22:30,Student18,Test: Quiz 1 - Testversuch eingereicht
18.09.2022 22:08,Student18,Test: Quiz 1 - Testversuch gestartet
18.09.2022 15:43,Student28,Test: Quiz 1 - Testversuch eingereicht
18.09.2022 15:40,Student28,Test: Quiz 1 - Testversuch gestartet
18.09.2022 15:25,Student28,Test: Quiz 1 - Testversuch eingereicht
18.09.2022 15:20,Student28,Test: Quiz 1 - Testversuch gestartet
18.09.2022 15:19,Student28,Test: Quiz 1 - Testversuch eingereicht
18.09.2022 15:12,Student28,Test: Quiz 1 - Testversuch gestartet
18.09.2022 12:51,Student22,Test: Quiz 1 - Testversuch eingereicht
18.09.2022 12:40,Student22,Test: Quiz 1 - Testversuch gestartet
17.09.2022 22:30,Student35,Test: Quiz 1 - Testversuch eingereicht
17.09.2022 21:53,Student35,Test: Quiz 1 - Testversuch gestartet
17.09.2022 18:41,Student27,Test: Quiz 1 - Testversuch eingereicht
17.09.2022 18:37,Student27,Test: Quiz 1 - Testversuch gestartet
17.09.2022 18:36,Student27,Test: Quiz 1 - Testversuch eingereicht
17.09.2022 18:32,Student27,Test: Quiz 1 - Testversuch gestartet
17.09.2022 18:30,Student27,Test: Quiz 1 - Testversuch eingereicht
17.09.2022 18:23,Student27,Test: Quiz 1 - Testversuch gestartet
16.09.2022 12:13,Student1,Test: Quiz 1 - Testversuch eingereicht
16.09.2022 12:08,Student1,Test: Quiz 1 - Testversuch gestartet
16.09.2022 12:07,Student1,Test: Quiz 1 - Testversuch eingereicht
16.09.2022 11:57,Student1,Test: Quiz 1 - Testversuch gestartet
16.09.2022 11:57,Student1,Test: Quiz 1 - Testversuch eingereicht
16.09.2022 11:47,Student1,Test: Quiz 1 - Testversuch gestartet
16.09.2022 11:45,Student34,Test: Quiz 1 - Testversuch eingereicht
16.09.2022 11:39,Student34,Test: Quiz 1 - Testversuch gestartet
16.09.2022 11:38,Student34,Test: Quiz 1 - Testversuch eingereicht
16.09.2022 11:17,Student34,Test: Quiz 1 - Testversuch gestartet
16.09.2022 11:17,Student34,Test: Quiz 1 - Testversuch eingereicht
16.09.2022 11:03,Student34,Test: Quiz 1 - Testversuch gestartet
16.09.2022 00:45,Student14,Test: Quiz 1 - Testversuch gestartet
15.09.2022 09:42,Student30,Test: Quiz 1 - Testversuch eingereicht
15.09.2022 09:22,Student30,Test: Quiz 1 - Testversuch gestartet
14.09.2022 22:17,Student16,Test: Quiz 1 - Testversuch eingereicht
14.09.2022 22:09,Student16,Test: Quiz 1 - Testversuch gestartet
14.09.2022 19:19,Student26,Test: Quiz 1 - Testversuch eingereicht
14.09.2022 19:15,Student26,Test: Quiz 1 - Testversuch gestartet
14.09.2022 19:15,Student26,Test: Quiz 1 - Testversuch eingereicht
14.09.2022 19:06,Student26,Test: Quiz 1 - Testversuch gestartet
14.09.2022 16:48,Student19,Test: Quiz 1 - Testversuch eingereicht
14.09.2022 16:38,Student19,Test: Quiz 1 - Testversuch gestartet
14.09.2022 11:21,Student12,Test: Quiz 1 - Testversuch eingereicht
14.09.2022 11:13,Student12,Test: Quiz 1 - Testversuch gestartet
14.09.2022 11:13,Student12,Test: Quiz 1 - Testversuch eingereicht
14.09.2022 11:09,Student14,Test: Quiz 1 - Testversuch eingereicht
14.09.2022 11:07,Student12,Test: Quiz 1 - Testversuch gestartet
14.09.2022 11:07,Student12,Test: Quiz 1 - Testversuch eingereicht
14.09.2022 11:05,Student14,Test: Quiz 1 - Testversuch gestartet
14.09.2022 11:05,Student14,Test: Quiz 1 - Testversuch eingereicht
14.09.2022 11:04,Student12,Test: Quiz 1 - Testversuch gestartet
14.09.2022 11:04,Student12,Test: Quiz 1 - Testversuch eingereicht
14.09.2022 11:03,Student14,Test: Quiz 1 - Testversuch gestartet
14.09.2022 11:03,Student14,Test: Quiz 1 - Testversuch eingereicht
14.09.2022 10:59,Student14,Test: Quiz 1 - Testversuch gestartet
14.09.2022 10:59,Student14,Test: Quiz 1 - Testversuch eingereicht
14.09.2022 10:58,Student14,Test: Quiz 1 - Testversuch gestartet
14.09.2022 10:57,Student14,Test: Quiz 1 - Testversuch eingereicht
14.09.2022 10:57,Student12,Test: Quiz 1 - Testversuch gestartet
14.09.2022 10:57,Student12,Test: Quiz 1 - Testversuch eingereicht
14.09.2022 10:54,Student14,Test: Quiz 1 - Testversuch gestartet
14.09.2022 10:54,Student14,Test: Quiz 1 - Testversuch eingereicht
14.09.2022 10:51,Student2,Test: Quiz 1 - Testversuch eingereicht
14.09.2022 10:42,Student14,Test: Quiz 1 - Testversuch gestartet
14.09.2022 10:41,Student12,Test: Quiz 1 - Testversuch gestartet
14.09.2022 10:15,Student2,Test: Quiz 1 - Testversuch gestartet
14.09.2022 09:30,Student29,Test: Quiz 1 - Testversuch eingereicht
14.09.2022 09:27,Student29,Test: Quiz 1 - Testversuch gestartet
14.09.2022 09:27,Student29,Test: Quiz 1 - Testversuch eingereicht
14.09.2022 09:22,Student29,Test: Quiz 1 - Testversuch gestartet
13.09.2022 21:29,Student24,Test: Quiz 1 - Testversuch eingereicht
13.09.2022 21:22,Student24,Test: Quiz 1 - Testversuch gestartet
13.09.2022 21:21,Student24,Test: Quiz 1 - Testversuch eingereicht
13.09.2022 21:19,Student24,Test: Quiz 1 - Testversuch gestartet
13.09.2022 20:54,Student3,Test: Quiz 1 - Testversuch eingereicht
13.09.2022 20:51,Student8,Test: Quiz 1 - Testversuch eingereicht
13.09.2022 20:48,Student8,Test: Quiz 1 - Testversuch gestartet
13.09.2022 20:44,Student8,Test: Quiz 1 - Testversuch eingereicht
13.09.2022 20:43,Student37,Test: Quiz 1 - Testversuch eingereicht
13.09.2022 20:42,Student28,Test: Quiz 1 - Testversuch eingereicht
13.09.2022 20:42,Student19,Test: Quiz 1 - Testversuch eingereicht
13.09.2022 20:41,Student22,Test: Quiz 1 - Testversuch eingereicht
13.09.2022 20:37,Student24,Test: Quiz 1 - Testversuch eingereicht
13.09.2022 20:37,Student27,Test: Quiz 1 - Testversuch eingereicht
13.09.2022 20:36,Student19,Test: Quiz 1 - Testversuch gestartet
13.09.2022 20:36,Student14,Test: Quiz 1 - Testversuch eingereicht
13.09.2022 20:36,Student19,Test: Quiz 1 - Testversuch eingereicht
13.09.2022 20:32,Student3,Test: Quiz 1 - Testversuch gestartet
13.09.2022 20:30,Student24,Test: Quiz 1 - Testversuch gestartet
13.09.2022 20:30,Student37,Test: Quiz 1 - Testversuch gestartet
13.09.2022 20:30,Student15,Test: Quiz 1 - Testversuch gestartet
13.09.2022 20:29,Student15,Test: Quiz 1 - Tour begonnen
13.09.2022 20:29,Student27,Test: Quiz 1 - Testversuch gestartet
13.09.2022 20:29,Student19,Test: Quiz 1 - Testversuch gestartet
13.09.2022 20:29,Student8,Test: Quiz 1 - Testversuch gestartet
13.09.2022 20:29,Student22,Test: Quiz 1 - Testversuch gestartet
13.09.2022 20:29,Student28,Test: Quiz 1 - Testversuch gestartet
13.09.2022 20:29,Student14,Test: Quiz 1 - Testversuch gestartet
13.09.2022 19:16,Student16,Test: Quiz 1 - Testversuch eingereicht
13.09.2022 19:16,Student34,Test: Quiz 1 - Testversuch eingereicht
13.09.2022 19:14,Student31,Test: Quiz 1 - Testversuch eingereicht
13.09.2022 19:10,Student33,Test: Quiz 1 - Testversuch eingereicht
13.09.2022 19:10,Student36,Test: Quiz 1 - Testversuch eingereicht
13.09.2022 19:08,Student6,Test: Quiz 1 - Testversuch eingereicht
13.09.2022 19:07,Student25,Test: Quiz 1 - Testversuch eingereicht
13.09.2022 19:06,Student34,Test: Quiz 1 - Testversuch gestartet
13.09.2022 19:06,Student33,Test: Quiz 1 - Testversuch gestartet
13.09.2022 19:06,Student33,Test: Quiz 1 - Testversuch eingereicht
13.09.2022 19:05,Student1,Test: Quiz 1 - Testversuch eingereicht
13.09.2022 19:05,Student34,Test: Quiz 1 - Testversuch eingereicht
13.09.2022 19:05,Student13,Test: Quiz 1 - Testversuch eingereicht
13.09.2022 19:05,Student32,Test: Quiz 1 - Testversuch eingereicht
13.09.2022 19:04,Student31,Test: Quiz 1 - Testversuch gestartet
13.09.2022 19:04,Student31,Test: Quiz 1 - Testversuch eingereicht
13.09.2022 19:03,Student16,Test: Quiz 1 - Testversuch gestartet
13.09.2022 19:03,Student16,Test: Quiz 1 - Testversuch eingereicht
13.09.2022 19:02,Student36,Test: Quiz 1 - Testversuch gestartet
13.09.2022 19:02,Student36,Test: Quiz 1 - Testversuch eingereicht
13.09.2022 19:02,Student21,Test: Quiz 1 - Testversuch eingereicht
13.09.2022 19:01,Student36,Test: Quiz 1 - Testversuch gestartet
13.09.2022 19:01,Student35,Test: Quiz 1 - Testversuch eingereicht
13.09.2022 19:00,Student36,Test: Quiz 1 - Testversuch eingereicht
13.09.2022 19:00,Student13,Test: Quiz 1 - Testversuch gestartet
13.09.2022 18:59,Student13,Test: Quiz 1 - Testversuch eingereicht
13.09.2022 18:58,Student6,Test: Quiz 1 - Testversuch gestartet
13.09.2022 18:58,Student25,Test: Quiz 1 - Testversuch gestartet
13.09.2022 18:58,Student6,Test: Quiz 1 - Testversuch eingereicht
13.09.2022 18:58,Student23,Test: Quiz 1 - Testversuch eingereicht
13.09.2022 18:58,Student5,Test: Quiz 1 - Testversuch eingereicht
13.09.2022 18:57,Student25,Test: Quiz 1 - Testversuch eingereicht
13.09.2022 18:57,Student21,Test: Quiz 1 - Testversuch gestartet
13.09.2022 18:57,Student21,Test: Quiz 1 - Testversuch eingereicht
13.09.2022 18:50,Student33,Test: Quiz 1 - Testversuch gestartet
13.09.2022 18:50,Student33,Test: Quiz 1 - Testversuch eingereicht
13.09.2022 18:50,Student2,Test: Quiz 1 - Testversuch gestartet
13.09.2022 18:49,Student31,Test: Quiz 1 - Testversuch gestartet
13.09.2022 18:49,Student32,Test: Quiz 1 - Testversuch gestartet
13.09.2022 18:49,Student35,Test: Quiz 1 - Testversuch gestartet
13.09.2022 18:49,Student25,Test: Quiz 1 - Testversuch gestartet
13.09.2022 18:49,Student5,Test: Quiz 1 - Testversuch gestartet
13.09.2022 18:48,Student1,Test: Quiz 1 - Testversuch gestartet
13.09.2022 18:48,Student34,Test: Quiz 1 - Testversuch gestartet
13.09.2022 18:48,Student6,Test: Quiz 1 - Testversuch gestartet
13.09.2022 18:47,Student16,Test: Quiz 1 - Testversuch gestartet
13.09.2022 18:47,Student36,Test: Quiz 1 - Testversuch gestartet
13.09.2022 18:47,Student21,Test: Quiz 1 - Testversuch gestartet
13.09.2022 18:47,Student23,Test: Quiz 1 - Testversuch gestartet
13.09.2022 18:47,Student13,Test: Quiz 1 - Testversuch gestartet
13.09.2022 18:47,Student33,Test: Quiz 1 - Testversuch gestartet
12.09.2022 18:42,Student30,Test: Quiz 1 - Tour beendet
12.09.2022 18:42,Student30,Test: Quiz 1 - Tour begonnen
7.09.2022 15:56,Student12,Test: Quiz 1 - Tour beendet
7.09.2022 15:55,Student12,Test: Quiz 1 - Tour begonnen
